{"cameraMode":{"drawMode":0,"name":"Shaded","section":"Shading Mode"},"sceneLighting":true,"audioPlay":false,"sceneViewState":{"showFog":true,"showMaterialUpdate":false,"showSkybox":true,"showFlares":true,"showImageEffects":true,"showParticleSystems":true},"in2DMode":false,"pivot":{"x":-2.432257652282715,"y":1.9811210632324219,"z":3.9961228370666506},"rotation":{"x":-0.19807495176792146,"y":-0.28854328393936159,"z":0.061141856014728549,"w":-0.9347570538520813},"size":3.557767868041992,"orthographic":true}