{"cameraMode":{"drawMode":0,"name":"Shaded","section":"Shading Mode"},"sceneLighting":false,"audioPlay":false,"sceneViewState":{"showFog":true,"showMaterialUpdate":false,"showSkybox":true,"showFlares":true,"showImageEffects":true,"showParticleSystems":true},"in2DMode":false,"pivot":{"x":0.2999785542488098,"y":0.13434815406799317,"z":0.5043257474899292},"rotation":{"x":-0.32999470829963686,"y":0.007643074728548527,"z":-0.0026725600473582746,"w":-0.9439480900764465},"size":16.96343421936035,"orthographic":false}